{"sections":{"main":{"type":"main-product","blocks":{"vendor":{"type":"text","settings":{"text":"{{ product.vendor }}","text_style":"uppercase"}},"title":{"type":"title","settings":{}},"price":{"type":"price","settings":{}},"variant_picker":{"type":"variant_picker","settings":{"picker_type":"button"}},"quantity_selector":{"type":"quantity_selector","settings":{}},"buy_buttons":{"type":"buy_buttons","settings":{"show_dynamic_checkout":true}},"description":{"type":"description","settings":{}},"share":{"type":"share","settings":{"share_label":"Share"}},"79e3a482-9e9e-49ea-849a-4b3f134f9f67":{"type":"collapsible_tab","disabled":true,"settings":{"heading":"Collapsible tab","content":"","page":"","icon":"check_mark"}}},"block_order":["vendor","title","price","variant_picker","quantity_selector","buy_buttons","description","share","79e3a482-9e9e-49ea-849a-4b3f134f9f67"],"settings":{"enable_sticky_info":true,"gallery_layout":"stacked","media_size":"large","mobile_thumbnails":"hide","hide_variants":false,"enable_video_looping":false}},"product-recommendations":{"type":"product-recommendations","settings":{"heading":"You may also like","image_ratio":"adapt","show_secondary_image":false,"add_image_padding":false,"show_image_outline":true,"show_vendor":false,"show_rating":false}}},"order":["main","product-recommendations"]}